store_nbr,family,horizon,model,MAPE,RMSE,MASE
1,GROCERY I,28,Naive_last_value,62.20530867576599,1212.593994140625,1.468853235244751
1,GROCERY I,28,"ARIMA(5,1,0)",34.198278188705444,723.1299438476562,0.71189284324646
0,GROCERY I_GLOBAL,28,LSTM_global_family,34.06239151954651,2319.31396484375,0.6395998001098633
