{
  "winner": "ARIMA(5,1,0)",
  "test_mape": 32.789826169982724,
  "test_rmse": 716.001819256281,
  "test_mase": 0.9800581549965247,
  "cv_summary_table": {
    "val_MAPE": {
      "ARIMA(5,1,0)": 32.789826169982724,
      "Naive": 1070816000.0,
      "Transformer": 96.19229833285014,
      "TCN": 96.90891305605571,
      "LSTM": 97.03464309374492,
      "LSTM (Lags Only)": 97.63928055763245
    },
    "val_RMSE": {
      "ARIMA(5,1,0)": 716.001819256281,
      "Naive": 1165.6019287109375,
      "Transformer": 2325.9853515625,
      "TCN": 2335.897216796875,
      "LSTM": 2341.927734375,
      "LSTM (Lags Only)": 2350.986572265625
    },
    "val_MASE": {
      "ARIMA(5,1,0)": 0.9800581549965247,
      "Naive": 1.2837461233139038,
      "Transformer": 3.3163411617279053,
      "TCN": 3.331990957260132,
      "LSTM": 3.340927839279175,
      "LSTM (Lags Only)": 3.3551082611083984
    }
  }
}